school_name,season,division,conference_code,primary_conference,roster_size,avg_height_inches,median_height_inches,min_height_inches,max_height_inches,height_std_inches,imputed_height_count,avg_experience,median_experience,max_experience,transfer_count,international_count,transfer_pct,international_pct,imputed_height_pct,experience_year_1_count,experience_year_2_count,experience_year_3_count,experience_year_4_count,experience_year_5_count,experience_year_1_pct,experience_year_2_pct,experience_year_3_pct,experience_year_4_pct,experience_year_5_pct,position_l_ds_count,position_mb_count,position_oh_count,position_opp_count,position_s_count
Abilene Christian University,2025,DI,WAC,Western Athletic Conference,15,70.66666666666667,71.0,61.0,76.0,3.498298906339371,0,2.6,3.0,4.0,4,0,0.26666666666666666,0.0,0.0,2.0,4.0,7.0,2.0,0.0,0.13333333333333333,0.26666666666666666,0.4666666666666667,0.13333333333333333,0.0,2.0,3.0,8.0,0.0,2.0
Alabama A&M University,2025,DI,SWAC,Southwestern Athletic Conf.,17,70.82352941176471,72.0,65.0,75.0,2.8114785726919393,0,2.4705882352941178,2.0,5.0,0,2,0.0,0.11764705882352941,0.0,6.0,3.0,3.0,4.0,1.0,0.35294117647058826,0.17647058823529413,0.17647058823529413,0.23529411764705882,0.058823529411764705,3.0,6.0,6.0,0.0,2.0
Alabama State University,2025,DI,SWAC,Southwestern Athletic Conf.,13,69.46153846153847,70.0,63.0,74.0,3.152125859780576,0,2.5384615384615383,2.0,5.0,0,0,0.0,0.0,0.0,3.0,4.0,3.0,2.0,1.0,0.23076923076923078,0.3076923076923077,0.23076923076923078,0.15384615384615385,0.07692307692307693,2.0,4.0,4.0,1.0,2.0
Alcorn State University,2025,DI,SWAC,Southwestern Athletic Conf.,7,68.85714285714286,70.0,61.0,74.0,4.845223470201397,0,2.142857142857143,2.0,5.0,0,1,0.0,0.14285714285714285,0.0,3.0,2.0,1.0,0.0,1.0,0.42857142857142855,0.2857142857142857,0.14285714285714285,0.0,0.14285714285714285,2.0,2.0,2.0,0.0,1.0
Appalachian State University,2025,DI,SBC,Sun Belt Conference,10,71.9,71.5,70.0,75.0,1.8529256146249726,0,3.0,3.0,5.0,0,1,0.0,0.1,0.0,0.0,4.0,3.0,2.0,1.0,0.0,0.4,0.3,0.2,0.1,0.0,3.0,3.0,1.0,3.0
Ball State University,2025,DI,Mid American,Mid-American Conference,15,70.87375143401758,71.45390070921985,66.12328767123287,73.15611814345992,2.637295740570816,0,2.7333333333333334,2.0,5.0,0,0,0.0,0.0,0.0,3.0,5.0,2.0,3.0,2.0,0.2,0.3333333333333333,0.13333333333333333,0.2,0.13333333333333333,3.0,4.0,5.0,2.0,1.0
Bethune-Cookman University,2025,DI,SWAC,Southwestern Athletic Conf.,4,68.5,68.5,67.0,70.0,1.2909944487358056,0,2.25,2.0,3.0,0,0,0.0,0.0,0.0,0.0,3.0,1.0,0.0,0.0,0.0,0.75,0.25,0.0,0.0,0.0,1.0,0.0,0.0,3.0
Binghamton University,2025,DI,America East,America East Conference,18,70.11111111111111,71.0,60.0,73.0,3.141541189567891,0,1.8888888888888888,1.5,5.0,3,6,0.16666666666666666,0.3333333333333333,0.0,9.0,6.0,0.0,2.0,1.0,0.5,0.3333333333333333,0.0,0.1111111111111111,0.05555555555555555,3.0,4.0,5.0,3.0,3.0
Bradley University,2025,DI,MVC,Missouri Valley Conference,17,69.82352941176471,70.0,64.0,74.0,3.2641096434871626,0,2.2941176470588234,2.0,4.0,0,3,0.0,0.17647058823529413,0.0,5.0,5.0,4.0,3.0,0.0,0.29411764705882354,0.29411764705882354,0.23529411764705882,0.17647058823529413,0.0,4.0,5.0,6.0,0.0,2.0
Bryant University,2025,DI,America East,America East Conference,17,71.6470588235294,72.0,63.0,74.0,2.5724787771376305,0,2.7058823529411766,3.0,4.0,0,4,0.0,0.23529411764705882,0.0,4.0,3.0,4.0,6.0,0.0,0.23529411764705882,0.17647058823529413,0.23529411764705882,0.35294117647058826,0.0,1.0,4.0,7.0,2.0,3.0
California Baptist University,2025,DI,WAC,Western Athletic Conference,16,71.0625,71.5,65.0,75.0,3.021451086260818,0,2.4375,2.0,5.0,16,3,1.0,0.1875,0.0,4.0,5.0,4.0,2.0,1.0,0.25,0.3125,0.25,0.125,0.0625,3.0,4.0,4.0,2.0,3.0
Campbell University,2025,DI,CAA,Coastal Athletic Association,15,70.86666666666666,72.0,64.0,77.0,3.719959037152859,0,2.7333333333333334,3.0,5.0,0,1,0.0,0.06666666666666667,0.0,3.0,4.0,3.0,4.0,1.0,0.2,0.26666666666666666,0.2,0.26666666666666666,0.06666666666666667,3.0,4.0,5.0,0.0,3.0
Canisius University,2025,DI,MAAC,Metro Atlantic Athletic Conference,12,71.16666666666667,72.0,63.0,74.0,2.9180732539042826,0,2.5833333333333335,3.0,4.0,0,1,0.0,0.08333333333333333,0.0,3.0,2.0,4.0,3.0,0.0,0.25,0.16666666666666666,0.3333333333333333,0.25,0.0,1.0,3.0,4.0,2.0,2.0
Charleston Southern University,2025,DI,Big South,Big South Conference,10,71.5,71.5,67.0,75.0,2.2730302828309776,0,2.9,3.0,5.0,0,2,0.0,0.2,0.0,2.0,2.0,2.0,3.0,1.0,0.2,0.2,0.2,0.3,0.1,0.0,3.0,3.0,1.0,3.0
Chicago State University,2025,DI,NEC,Northeast Conference,4,70.25,70.0,68.0,73.0,2.061552812808829,0,2.0,2.0,3.0,0,2,0.0,0.5,0.0,2.0,0.0,2.0,0.0,0.0,0.5,0.0,0.5,0.0,0.0,1.0,1.0,2.0,0.0,0.0
Coppin State University,2025,DI,MEAC,Mid-Eastern Athletic Conf.,18,70.33333333333333,71.0,65.0,73.0,2.3263199921511997,0,,,,8,8,0.4444444444444444,0.4444444444444444,0.0,,,,,,,,,,,2.0,4.0,6.0,3.0,3.0
DePaul University,2025,DI,Big East,Big East Conference,17,70.63525080334482,71.45390070921985,66.12328767123287,73.15611814345992,2.4277254967455084,0,2.176470588235294,2.0,5.0,0,4,0.0,0.23529411764705882,0.0,7.0,4.0,3.0,2.0,1.0,0.4117647058823529,0.23529411764705882,0.17647058823529413,0.11764705882352941,0.058823529411764705,3.0,3.0,6.0,2.0,3.0
East Texas A&M University,2025,DI,Southland,Southland Conference,16,69.5,70.0,61.0,75.0,3.8643671323171853,0,2.5625,3.0,5.0,10,0,0.625,0.0,0.0,4.0,3.0,6.0,2.0,1.0,0.25,0.1875,0.375,0.125,0.0625,4.0,2.0,6.0,1.0,3.0
Eastern Washington University,2025,DI,Big Sky,Big Sky Conference,3,67.66666666666667,69.0,64.0,70.0,3.214550253664317,0,2.0,1.0,4.0,0,0,0.0,0.0,0.0,2.0,0.0,0.0,1.0,0.0,0.6666666666666666,0.0,0.0,0.3333333333333333,0.0,1.0,1.0,0.0,0.0,1.0
Fairfield University,2025,DI,MAAC,Metro Atlantic Athletic Conference,5,72.2,72.0,71.0,74.0,1.3038404810405315,0,1.2,1.0,2.0,0,3,0.0,0.6,0.0,4.0,1.0,0.0,0.0,0.0,0.8,0.2,0.0,0.0,0.0,0.0,1.0,2.0,1.0,1.0
Florida Gulf Coast University,2025,DI,ASUN,Atlantic Sun Conference,13,70.76923076923077,72.0,63.0,75.0,3.6777222605358646,0,2.6923076923076925,3.0,5.0,7,8,0.5384615384615384,0.6153846153846154,0.0,2.0,3.0,6.0,1.0,1.0,0.15384615384615385,0.23076923076923078,0.46153846153846156,0.07692307692307693,0.07692307692307693,3.0,3.0,6.0,0.0,1.0
Florida International University,2025,DI,CUSA,Conference USA,19,71.94736842105263,73.0,64.0,75.0,3.0271674367399095,0,2.5789473684210527,3.0,5.0,0,1,0.0,0.05263157894736842,0.0,6.0,3.0,4.0,5.0,1.0,0.3157894736842105,0.15789473684210525,0.21052631578947367,0.2631578947368421,0.05263157894736842,3.0,5.0,6.0,2.0,3.0
Florida State University,2025,DI,ACC,Atlantic Coast Conference,17,71.82352941176471,73.0,63.0,77.0,3.557304002289639,0,2.6470588235294117,3.0,5.0,0,3,0.0,0.17647058823529413,0.0,2.0,6.0,6.0,2.0,1.0,0.11764705882352941,0.35294117647058826,0.35294117647058826,0.11764705882352941,0.058823529411764705,3.0,5.0,4.0,2.0,3.0
Fordham University,2025,DI,A10,Atlantic 10 Conference,9,71.77777777777777,73.0,65.0,76.0,3.270236145058098,0,2.6666666666666665,3.0,4.0,0,0,0.0,0.0,0.0,2.0,2.0,2.0,3.0,0.0,0.2222222222222222,0.2222222222222222,0.2222222222222222,0.3333333333333333,0.0,0.0,3.0,3.0,0.0,3.0
George Mason University,2025,DI,A10,Atlantic 10 Conference,19,70.6842105263158,72.0,64.0,76.0,3.590924232298041,0,2.473684210526316,2.0,5.0,0,0,0.0,0.0,0.0,5.0,5.0,5.0,3.0,1.0,0.2631578947368421,0.2631578947368421,0.2631578947368421,0.15789473684210525,0.05263157894736842,5.0,4.0,6.0,0.0,4.0
Georgetown University,2025,DI,Big East,Big East Conference,14,69.64285714285714,71.0,63.0,74.0,4.343113786517385,0,2.142857142857143,2.0,5.0,0,0,0.0,0.0,0.0,5.0,5.0,2.0,1.0,1.0,0.35714285714285715,0.35714285714285715,0.14285714285714285,0.07142857142857142,0.07142857142857142,4.0,4.0,4.0,0.0,2.0
Georgia State University,2025,DI,SBC,Sun Belt Conference,17,70.29411764705883,71.0,64.0,73.0,2.640187159141207,0,2.5294117647058822,2.0,5.0,7,8,0.4117647058823529,0.47058823529411764,0.0,7.0,2.0,2.0,4.0,2.0,0.4117647058823529,0.11764705882352941,0.11764705882352941,0.23529411764705882,0.11764705882352941,2.0,4.0,4.0,4.0,3.0
Gonzaga University,2025,DI,WCC,West Coast Conference,16,70.7984734270275,70.7984734270275,70.7984734270275,70.7984734270275,0.0,0,2.25,2.0,4.0,0,2,0.0,0.125,0.0,4.0,6.0,4.0,2.0,0.0,0.25,0.375,0.25,0.125,0.0,,,,,
Grambling State University,2025,DI,SWAC,Southwestern Athletic Conf.,9,69.22222222222223,70.0,63.0,75.0,3.666666666666665,0,2.2222222222222223,2.0,4.0,0,0,0.0,0.0,0.0,3.0,3.0,1.0,2.0,0.0,0.3333333333333333,0.3333333333333333,0.1111111111111111,0.2222222222222222,0.0,2.0,2.0,3.0,1.0,1.0
Grand Canyon University,2025,DI,Mountain West,Mountain West Conference,20,71.95,72.5,65.0,76.0,2.742933504576138,0,2.35,2.0,5.0,7,3,0.35,0.15,0.0,8.0,4.0,3.0,3.0,2.0,0.4,0.2,0.15,0.15,0.1,4.0,5.0,6.0,2.0,3.0
Hampton University,2025,DI,CAA,Coastal Athletic Association,12,71.58333333333333,72.0,67.0,75.0,2.3532698077098497,0,1.5,1.0,3.0,0,3,0.0,0.25,0.0,7.0,4.0,1.0,0.0,0.0,0.5833333333333334,0.3333333333333333,0.08333333333333333,0.0,0.0,0.0,4.0,5.0,1.0,2.0
Harvard University,2025,DI,IVY,The Ivy League,15,70.8,72.0,65.0,77.0,3.60951124510943,0,2.3333333333333335,2.0,4.0,0,0,0.0,0.0,0.0,4.0,5.0,3.0,3.0,0.0,0.26666666666666666,0.3333333333333333,0.2,0.2,0.0,3.0,4.0,6.0,0.0,2.0
High Point University,2025,DI,Big South,Big South Conference,15,72.26666666666667,73.0,65.0,77.0,3.411465262624733,0,2.2,2.0,5.0,0,3,0.0,0.2,0.0,6.0,5.0,1.0,1.0,2.0,0.4,0.3333333333333333,0.06666666666666667,0.06666666666666667,0.13333333333333333,3.0,4.0,5.0,0.0,3.0
Hofstra University,2025,DI,CAA,Coastal Athletic Association,18,69.83333333333333,70.5,62.0,74.0,3.4170851011110774,0,2.1666666666666665,2.0,4.0,0,12,0.0,0.6666666666666666,0.0,8.0,3.0,3.0,4.0,0.0,0.4444444444444444,0.16666666666666666,0.16666666666666666,0.2222222222222222,0.0,4.0,5.0,4.0,2.0,3.0
Houston Christian University,2025,DI,Southland,Southland Conference,12,72.16666666666667,72.5,69.0,74.0,1.5275252316519465,0,2.3333333333333335,2.5,4.0,0,0,0.0,0.0,0.0,3.0,3.0,5.0,1.0,0.0,0.25,0.25,0.4166666666666667,0.08333333333333333,0.0,0.0,3.0,6.0,0.0,3.0
Howard University,2025,DI,MEAC,Mid-Eastern Athletic Conf.,19,69.94736842105263,71.0,65.0,75.0,2.7982868610500136,0,,,,4,0,0.21052631578947367,0.0,0.0,,,,,,,,,,,5.0,3.0,6.0,1.0,4.0
Idaho State University,2025,DI,Big Sky,Big Sky Conference,9,71.44444444444444,71.0,69.0,75.0,1.8782379449307747,0,2.0,1.0,4.0,0,0,0.0,0.0,0.0,5.0,1.0,1.0,2.0,0.0,0.5555555555555556,0.1111111111111111,0.1111111111111111,0.2222222222222222,0.0,0.0,5.0,1.0,1.0,2.0
Illinois State University,2025,DI,MVC,Missouri Valley Conference,10,70.1,69.0,66.0,75.0,3.142893217686178,0,2.7,3.0,4.0,0,0,0.0,0.0,0.0,3.0,1.0,2.0,4.0,0.0,0.3,0.1,0.2,0.4,0.0,4.0,3.0,0.0,1.0,2.0
Indiana State University,2025,DI,MVC,Missouri Valley Conference,14,72.07142857142857,72.0,69.0,74.0,1.5424399110243714,0,2.357142857142857,2.5,4.0,0,0,0.0,0.0,0.0,4.0,3.0,5.0,2.0,0.0,0.2857142857142857,0.21428571428571427,0.35714285714285715,0.14285714285714285,0.0,0.0,6.0,5.0,0.0,3.0
Indiana University Indianapolis,2025,DI,Horizon,Horizon League,16,69.375,70.0,63.0,73.0,3.1384709652950433,0,,,,3,0,0.1875,0.0,0.0,,,,,,,,,,,4.0,4.0,3.0,3.0,2.0
Jackson State University,2025,DI,SWAC,Southwestern Athletic Conf.,14,68.71428571428571,69.0,63.0,72.0,2.524604201380163,0,2.5714285714285716,3.0,4.0,0,0,0.0,0.0,0.0,4.0,2.0,4.0,4.0,0.0,0.2857142857142857,0.14285714285714285,0.2857142857142857,0.2857142857142857,0.0,3.0,3.0,2.0,2.0,4.0
Jacksonville University,2025,DI,ASUN,Atlantic Sun Conference,11,70.54545454545455,70.0,65.0,74.0,2.583162262175426,0,3.1818181818181817,3.0,5.0,0,2,0.0,0.18181818181818182,0.0,2.0,1.0,3.0,3.0,2.0,0.18181818181818182,0.09090909090909091,0.2727272727272727,0.2727272727272727,0.18181818181818182,1.0,3.0,4.0,0.0,3.0
James Madison University,2025,DI,SBC,Sun Belt Conference,15,72.4,72.0,68.0,76.0,3.1121880222303866,0,2.3333333333333335,2.0,4.0,0,2,0.0,0.13333333333333333,0.0,5.0,3.0,4.0,3.0,0.0,0.3333333333333333,0.2,0.26666666666666666,0.2,0.0,3.0,4.0,3.0,2.0,3.0
Kent State University,2025,DI,Mid American,Mid-American Conference,16,70.0,69.5,65.0,75.0,3.03315017762062,0,2.5625,2.5,4.0,16,1,1.0,0.0625,0.0,3.0,5.0,4.0,4.0,0.0,0.1875,0.3125,0.25,0.25,0.0,4.0,3.0,5.0,1.0,3.0
Lehigh University,2025,DI,PL,Patriot League,17,70.41176470588235,71.0,64.0,74.0,2.6706465399180894,0,2.588235294117647,3.0,4.0,0,0,0.0,0.0,0.0,4.0,3.0,6.0,4.0,0.0,0.23529411764705882,0.17647058823529413,0.35294117647058826,0.23529411764705882,0.0,2.0,3.0,5.0,3.0,4.0
Liberty University,2025,DI,CUSA,Conference USA,18,70.22487457363393,71.45390070921985,66.12328767123287,73.15611814345992,2.529294863425525,0,2.111111111111111,2.0,5.0,0,0,0.0,0.0,0.0,7.0,6.0,3.0,0.0,2.0,0.3888888888888889,0.3333333333333333,0.16666666666666666,0.0,0.1111111111111111,4.0,3.0,6.0,1.0,4.0
Lindenwood University,2025,DI,Ohio Valley,Ohio Valley Conference,10,71.1,71.5,66.0,74.0,2.330951164939614,0,2.5,2.5,4.0,0,0,0.0,0.0,0.0,2.0,3.0,3.0,2.0,0.0,0.2,0.3,0.3,0.2,0.0,1.0,3.0,2.0,2.0,2.0
Long Island University,2025,DI,NEC,Northeast Conference,7,72.14285714285714,73.0,67.0,75.0,2.7342623276105864,0,2.0,2.0,3.0,0,4,0.0,0.5714285714285714,0.0,2.0,3.0,2.0,0.0,0.0,0.2857142857142857,0.42857142857142855,0.2857142857142857,0.0,0.0,1.0,2.0,2.0,0.0,2.0
Loyola Marymount University,2025,DI,WCC,West Coast Conference,16,70.625,71.5,64.0,75.0,3.649200825751669,0,2.625,2.0,5.0,0,4,0.0,0.25,0.0,5.0,4.0,2.0,2.0,3.0,0.3125,0.25,0.125,0.125,0.1875,3.0,4.0,6.0,1.0,2.0
Loyola University Chicago,2025,DI,A10,Atlantic 10 Conference,10,71.4,72.5,66.0,74.0,2.5473297566057074,0,2.9,3.0,5.0,0,0,0.0,0.0,0.0,1.0,3.0,3.0,2.0,1.0,0.1,0.3,0.3,0.2,0.1,1.0,4.0,2.0,0.0,3.0
Loyola University Maryland,2025,DI,PL,Patriot League,14,69.92857142857143,70.5,64.0,74.0,3.173551413074716,0,2.5,3.0,4.0,0,1,0.0,0.07142857142857142,0.0,5.0,1.0,4.0,4.0,0.0,0.35714285714285715,0.07142857142857142,0.2857142857142857,0.2857142857142857,0.0,3.0,4.0,5.0,0.0,2.0
Manhattan University,2025,DI,MAAC,Metro Atlantic Athletic Conference,10,71.3,71.5,67.0,74.0,2.110818693198341,0,2.1,2.0,3.0,0,2,0.0,0.2,0.0,3.0,3.0,4.0,0.0,0.0,0.3,0.3,0.4,0.0,0.0,1.0,3.0,3.0,1.0,2.0
Marist University,2025,DI,MAAC,Metro Atlantic Athletic Conference,16,71.1875,71.5,67.0,76.0,2.6887109674836136,0,2.375,2.0,5.0,0,4,0.0,0.25,0.0,4.0,5.0,5.0,1.0,1.0,0.25,0.3125,0.3125,0.0625,0.0625,2.0,4.0,6.0,2.0,2.0
McNeese State University,2025,DI,Southland,Southland Conference,15,69.66666666666667,69.0,64.0,75.0,3.2219485379118624,0,2.2,2.0,4.0,0,1,0.0,0.06666666666666667,0.0,7.0,2.0,2.0,4.0,0.0,0.4666666666666667,0.13333333333333333,0.13333333333333333,0.26666666666666666,0.0,4.0,2.0,5.0,1.0,3.0
Merrimack College,2025,DI,MAAC,Metro Atlantic Athletic Conference,11,70.63636363636364,70.0,66.0,75.0,2.693426341028367,0,2.5454545454545454,2.0,4.0,1,1,0.09090909090909091,0.09090909090909091,0.0,2.0,4.0,2.0,3.0,0.0,0.18181818181818182,0.36363636363636365,0.18181818181818182,0.2727272727272727,0.0,1.0,2.0,3.0,2.0,3.0
Middle Tennessee State University,2025,DI,CUSA,Conference USA,17,70.35602088054303,71.45390070921985,66.12328767123287,73.15611814345992,2.684049340421742,0,2.2941176470588234,2.0,5.0,0,5,0.0,0.29411764705882354,0.0,7.0,3.0,3.0,3.0,1.0,0.4117647058823529,0.17647058823529413,0.17647058823529413,0.17647058823529413,0.058823529411764705,4.0,4.0,5.0,1.0,3.0
Mississippi Valley State University,2025,DI,SWAC,Southwestern Athletic Conf.,17,69.0,69.0,63.0,73.0,3.0207614933986426,0,2.6470588235294117,2.0,4.0,2,2,0.11764705882352941,0.11764705882352941,0.0,0.0,11.0,1.0,5.0,0.0,0.0,0.6470588235294118,0.058823529411764705,0.29411764705882354,0.0,1.0,7.0,5.0,0.0,2.0
Montana State University-Bozeman,2025,DI,Big Sky,Big Sky Conference,16,71.0,72.0,67.0,75.0,2.756809750418045,0,2.1875,2.0,4.0,0,0,0.0,0.0,0.0,6.0,5.0,1.0,4.0,0.0,0.375,0.3125,0.0625,0.25,0.0,4.0,4.0,5.0,1.0,2.0
Morehead State University,2025,DI,Ohio Valley,Ohio Valley Conference,11,71.18181818181819,72.0,66.0,75.0,2.6388702816994183,0,3.272727272727273,3.0,5.0,0,0,0.0,0.0,0.0,1.0,1.0,5.0,2.0,2.0,0.09090909090909091,0.09090909090909091,0.45454545454545453,0.18181818181818182,0.18181818181818182,3.0,4.0,3.0,0.0,1.0
Morgan State University,2025,DI,MEAC,Mid-Eastern Athletic Conf.,10,70.3,71.0,67.0,74.0,2.263232692902395,0,1.8,1.5,4.0,0,0,0.0,0.0,0.0,5.0,3.0,1.0,1.0,0.0,0.5,0.3,0.1,0.1,0.0,2.0,1.0,4.0,1.0,2.0
Murray State University,2025,DI,MVC,Missouri Valley Conference,15,70.7323366072428,71.45390070921985,66.12328767123287,73.15611814345992,2.1870954003959677,0,2.3333333333333335,3.0,4.0,0,5,0.0,0.3333333333333333,0.0,7.0,0.0,4.0,4.0,0.0,0.4666666666666667,0.0,0.26666666666666666,0.26666666666666666,0.0,2.0,3.0,7.0,0.0,3.0
Niagara University,2025,DI,MAAC,Metro Atlantic Athletic Conference,13,70.53846153846153,71.0,64.0,76.0,3.152125859780577,0,2.8461538461538463,3.0,4.0,0,3,0.0,0.23076923076923078,0.0,2.0,2.0,5.0,4.0,0.0,0.15384615384615385,0.15384615384615385,0.38461538461538464,0.3076923076923077,0.0,1.0,3.0,6.0,2.0,1.0
Nicholls State University,2025,DI,Southland,Southland Conference,15,69.0,70.0,64.0,77.0,3.6449573777637325,0,2.3333333333333335,2.0,5.0,7,4,0.4666666666666667,0.26666666666666666,0.0,6.0,2.0,5.0,0.0,2.0,0.4,0.13333333333333333,0.3333333333333333,0.0,0.13333333333333333,3.0,2.0,5.0,1.0,4.0
Norfolk State University,2025,DI,MEAC,Mid-Eastern Athletic Conf.,6,70.16666666666667,70.5,65.0,73.0,2.786873995477132,0,1.3333333333333333,1.0,2.0,0,0,0.0,0.0,0.0,4.0,2.0,0.0,0.0,0.0,0.6666666666666666,0.3333333333333333,0.0,0.0,0.0,1.0,4.0,1.0,0.0,0.0
North Carolina State University,2025,DI,ACC,Atlantic Coast Conference,15,71.74155251141552,72.0,66.0,77.0,3.6794198031536465,0,2.4,2.0,4.0,0,1,0.0,0.06666666666666667,0.0,6.0,2.0,2.0,5.0,0.0,0.4,0.13333333333333333,0.13333333333333333,0.3333333333333333,0.0,3.0,4.0,3.0,2.0,3.0
North Dakota State University,2025,DI,Summit,The Summit League,15,69.46666666666667,71.0,60.0,74.0,4.389381125701737,0,2.4,2.0,4.0,2,1,0.13333333333333333,0.06666666666666667,0.0,3.0,5.0,5.0,2.0,0.0,0.2,0.3333333333333333,0.3333333333333333,0.13333333333333333,0.0,4.0,3.0,5.0,0.0,3.0
Northeastern University,2025,DI,CAA,Coastal Athletic Association,19,70.63157894736842,70.0,67.0,74.0,2.165654284398174,0,,,,2,5,0.10526315789473684,0.2631578947368421,0.0,,,,,,,,,,,4.0,4.0,7.0,0.0,4.0
Northern Arizona University,2025,DI,Big Sky,Big Sky Conference,16,71.375,72.5,67.0,75.0,2.6551836094703507,0,2.625,3.0,5.0,3,1,0.1875,0.0625,0.0,4.0,3.0,5.0,3.0,1.0,0.25,0.1875,0.3125,0.1875,0.0625,1.0,3.0,3.0,3.0,4.0
Northern Illinois University,2025,DI,Mid American,Mid-American Conference,15,69.73333333333333,70.0,65.0,74.0,2.282438128301355,0,2.0,2.0,4.0,0,0,0.0,0.0,0.0,6.0,5.0,2.0,2.0,0.0,0.4,0.3333333333333333,0.13333333333333333,0.13333333333333333,0.0,1.0,4.0,5.0,2.0,3.0
Northern Kentucky University,2025,DI,Horizon,Horizon League,10,71.5,71.0,70.0,75.0,1.5811388300841875,0,2.2,2.0,4.0,0,0,0.0,0.0,0.0,3.0,3.0,3.0,1.0,0.0,0.3,0.3,0.3,0.1,0.0,0.0,2.0,7.0,0.0,1.0
Oakland University,2025,DI,Horizon,Horizon League,9,71.33333333333333,71.0,68.0,76.0,2.3452078799117193,0,2.4444444444444446,2.0,5.0,0,0,0.0,0.0,0.0,4.0,2.0,0.0,1.0,2.0,0.4444444444444444,0.2222222222222222,0.0,0.1111111111111111,0.2222222222222222,0.0,4.0,3.0,0.0,2.0
Oral Roberts University,2025,DI,Summit,The Summit League,15,70.4,70.0,66.0,74.0,2.3543273227945916,0,,,,5,2,0.3333333333333333,0.13333333333333333,0.0,,,,,,,,,,,3.0,3.0,6.0,0.0,3.0
Portland State University,2025,DI,Big Sky,Big Sky Conference,16,70.125,71.5,63.0,74.0,3.4423828956117,0,2.0625,2.0,4.0,5,0,0.3125,0.0,0.0,6.0,5.0,3.0,2.0,0.0,0.375,0.3125,0.1875,0.125,0.0,3.0,5.0,3.0,2.0,3.0
Purdue University Fort Wayne,2025,DI,Horizon,Horizon League,14,70.5,71.0,64.0,74.0,3.031881873079444,0,2.0714285714285716,2.0,4.0,1,1,0.07142857142857142,0.07142857142857142,0.0,5.0,5.0,2.0,2.0,0.0,0.35714285714285715,0.35714285714285715,0.14285714285714285,0.14285714285714285,0.0,3.0,4.0,4.0,1.0,2.0
Quinnipiac University,2025,DI,MAAC,Metro Atlantic Athletic Conference,15,69.85323156180183,71.0,64.0,73.0,2.663435552559113,0,,,,0,12,0.0,0.8,0.0,,,,,,,,,,,2.0,3.0,5.0,2.0,2.0
Rider University,2025,DI,MAAC,Metro Atlantic Athletic Conference,13,71.84615384615384,72.0,70.0,73.0,1.143543749793731,0,2.769230769230769,3.0,5.0,0,1,0.0,0.07692307692307693,0.0,4.0,0.0,5.0,3.0,1.0,0.3076923076923077,0.0,0.38461538461538464,0.23076923076923078,0.07692307692307693,0.0,4.0,4.0,3.0,2.0
Robert Morris University,2025,DI,Horizon,Horizon League,12,71.84662027090793,72.28620689655173,66.12328767123287,75.0,2.428122501586701,0,2.25,2.0,5.0,0,1,0.0,0.08333333333333333,0.0,5.0,2.0,3.0,1.0,1.0,0.4166666666666667,0.16666666666666666,0.25,0.08333333333333333,0.08333333333333333,1.0,4.0,4.0,2.0,1.0
Sacred Heart University,2025,DI,MAAC,Metro Atlantic Athletic Conference,18,70.12086903558135,71.45390070921985,66.12328767123287,73.15611814345992,2.788491360900574,0,2.388888888888889,2.0,5.0,0,1,0.0,0.05555555555555555,0.0,5.0,5.0,5.0,2.0,1.0,0.2777777777777778,0.2777777777777778,0.2777777777777778,0.1111111111111111,0.05555555555555555,5.0,4.0,5.0,1.0,3.0
Saint Francis University,2025,DI,NEC,Northeast Conference,6,69.83333333333333,69.5,68.0,72.0,1.834847859269719,0,2.8333333333333335,3.0,4.0,0,0,0.0,0.0,0.0,1.0,2.0,0.0,3.0,0.0,0.16666666666666666,0.3333333333333333,0.0,0.5,0.0,0.0,1.0,3.0,0.0,2.0
Sam Houston State University,2025,DI,CUSA,Conference USA,16,70.0625,70.0,66.0,74.0,2.4891430921771724,0,2.125,2.0,5.0,0,1,0.0,0.0625,0.0,6.0,5.0,3.0,1.0,1.0,0.375,0.3125,0.1875,0.0625,0.0625,2.0,3.0,5.0,3.0,3.0
Samford University,2025,DI,Southern,Southern Conference,15,71.06666666666666,72.0,65.0,75.0,3.390462814312834,0,2.6666666666666665,3.0,4.0,14,0,0.9333333333333333,0.0,0.0,3.0,4.0,3.0,5.0,0.0,0.2,0.26666666666666666,0.2,0.3333333333333333,0.0,3.0,3.0,5.0,1.0,3.0
Seton Hall University,2025,DI,Big East,Big East Conference,16,70.72695529576491,71.45390070921985,66.12328767123287,73.15611814345992,2.6049136963968764,0,2.0625,2.0,4.0,0,4,0.0,0.25,0.0,7.0,3.0,4.0,2.0,0.0,0.4375,0.1875,0.25,0.125,0.0,3.0,5.0,4.0,1.0,3.0
Siena University,2025,DI,MAAC,Metro Atlantic Athletic Conference,15,71.2,70.0,67.0,76.0,3.0047581314594076,0,2.466666666666667,3.0,4.0,0,5,0.0,0.3333333333333333,0.0,5.0,1.0,6.0,3.0,0.0,0.3333333333333333,0.06666666666666667,0.4,0.2,0.0,1.0,4.0,3.0,3.0,4.0
South Carolina State University,2025,DI,MEAC,Mid-Eastern Athletic Conf.,8,68.375,68.0,62.0,73.0,3.5431019500674013,0,2.625,2.5,5.0,0,0,0.0,0.0,0.0,2.0,2.0,2.0,1.0,1.0,0.25,0.25,0.25,0.125,0.125,4.0,2.0,0.0,0.0,2.0
South Dakota State University,2025,DI,Summit,The Summit League,15,71.13333333333334,71.0,65.0,77.0,3.3137520095734967,0,2.8,3.0,5.0,15,0,1.0,0.0,0.0,3.0,4.0,4.0,1.0,3.0,0.2,0.26666666666666666,0.26666666666666666,0.06666666666666667,0.2,5.0,2.0,4.0,2.0,2.0
Southeastern Louisiana University,2025,DI,Southland,Southland Conference,19,71.15789473684211,72.0,66.0,76.0,2.713406180323026,0,2.8947368421052633,3.0,5.0,3,2,0.15789473684210525,0.10526315789473684,0.0,3.0,3.0,8.0,3.0,2.0,0.15789473684210525,0.15789473684210525,0.42105263157894735,0.15789473684210525,0.10526315789473684,4.0,6.0,4.0,3.0,2.0
Southern Illinois University Edwardsville,2025,DI,Ohio Valley,Ohio Valley Conference,14,69.85714285714286,70.0,63.0,76.0,3.416186422069159,0,2.642857142857143,2.0,5.0,0,0,0.0,0.0,0.0,4.0,4.0,1.0,3.0,2.0,0.2857142857142857,0.2857142857142857,0.07142857142857142,0.21428571428571427,0.14285714285714285,3.0,3.0,3.0,3.0,2.0
Southern Illinois University at Carbondale,2025,DI,MVC,Missouri Valley Conference,17,70.81404541426593,71.45390070921985,66.12328767123287,73.15611814345992,2.1476629353009997,0,2.7058823529411766,3.0,5.0,0,3,0.0,0.17647058823529413,0.0,5.0,2.0,4.0,5.0,1.0,0.29411764705882354,0.11764705882352941,0.23529411764705882,0.29411764705882354,0.058823529411764705,2.0,4.0,7.0,0.0,4.0
Southern Methodist University,2025,DI,ACC,Atlantic Coast Conference,17,71.41176470588235,71.0,66.0,74.0,2.0018373912924274,0,2.3529411764705883,2.0,5.0,6,0,0.35294117647058826,0.0,0.0,7.0,4.0,0.0,5.0,1.0,0.4117647058823529,0.23529411764705882,0.0,0.29411764705882354,0.058823529411764705,3.0,4.0,6.0,1.0,3.0
"Southern University, Baton Rouge",2025,DI,SWAC,Southwestern Athletic Conf.,16,69.375,69.5,62.0,74.0,3.0956959368344545,0,2.6875,3.0,5.0,0,1,0.0,0.0625,0.0,5.0,2.0,4.0,3.0,2.0,0.3125,0.125,0.25,0.1875,0.125,4.0,6.0,4.0,0.0,2.0
Southern Utah University,2025,DI,WAC,Western Athletic Conference,13,70.01200908795846,70.0,65.0,74.0,2.722731577217999,0,2.4615384615384617,3.0,5.0,0,2,0.0,0.15384615384615385,0.0,5.0,0.0,6.0,1.0,1.0,0.38461538461538464,0.0,0.46153846153846156,0.07692307692307693,0.07692307692307693,2.0,3.0,4.0,0.0,4.0
St. John's University (New York),2025,DI,Big East,Big East Conference,13,70.75642643146176,71.45390070921985,66.12328767123287,73.15611814345992,2.3339619252973693,0,2.3846153846153846,2.0,4.0,0,7,0.0,0.5384615384615384,0.0,4.0,4.0,1.0,4.0,0.0,0.3076923076923077,0.3076923076923077,0.07692307692307693,0.3076923076923077,0.0,2.0,3.0,6.0,0.0,2.0
Stephen F. Austin State University,2025,DI,Southland,Southland Conference,16,71.41663932692454,71.45390070921985,66.12328767123287,73.15611814345992,1.8839035967389803,0,2.875,3.0,5.0,0,2,0.0,0.125,0.0,2.0,5.0,4.0,3.0,2.0,0.125,0.3125,0.25,0.1875,0.125,1.0,6.0,4.0,0.0,2.0
Stetson University,2025,DI,ASUN,Atlantic Sun Conference,7,71.38537211291703,71.0,69.69760479041916,74.0,1.4523917988408048,0,2.4285714285714284,2.0,4.0,0,4,0.0,0.5714285714285714,0.0,2.0,2.0,1.0,2.0,0.0,0.2857142857142857,0.2857142857142857,0.14285714285714285,0.2857142857142857,0.0,0.0,3.0,3.0,0.0,1.0
Stonehill College,2025,DI,NEC,Northeast Conference,9,71.11111111111111,72.0,68.0,73.0,2.14734978778752,0,1.8888888888888888,2.0,4.0,0,0,0.0,0.0,0.0,4.0,3.0,1.0,1.0,0.0,0.4444444444444444,0.3333333333333333,0.1111111111111111,0.1111111111111111,0.0,0.0,4.0,3.0,0.0,2.0
Stony Brook University,2025,DI,CAA,Coastal Athletic Association,9,70.22222222222223,71.0,67.0,72.0,1.8559214542766738,0,2.2222222222222223,2.0,4.0,0,1,0.0,0.1111111111111111,0.0,3.0,2.0,3.0,1.0,0.0,0.3333333333333333,0.2222222222222222,0.3333333333333333,0.1111111111111111,0.0,0.0,4.0,4.0,0.0,1.0
Syracuse University,2025,DI,ACC,Atlantic Coast Conference,17,70.62525772977386,71.45390070921985,66.12328767123287,73.15611814345992,2.796736043710864,0,2.9411764705882355,3.0,5.0,0,1,0.0,0.058823529411764705,0.0,3.0,3.0,6.0,2.0,3.0,0.17647058823529413,0.17647058823529413,0.35294117647058826,0.11764705882352941,0.17647058823529413,4.0,5.0,4.0,2.0,2.0
Tarleton State University,2025,DI,WAC,Western Athletic Conference,7,71.0,70.0,68.0,75.0,2.5819888974716116,0,2.7142857142857144,3.0,4.0,0,0,0.0,0.0,0.0,2.0,0.0,3.0,2.0,0.0,0.2857142857142857,0.0,0.42857142857142855,0.2857142857142857,0.0,0.0,2.0,2.0,1.0,2.0
Temple University,2025,DI,American,American Conference,19,70.47368421052632,72.0,61.0,75.0,4.168245314979429,0,2.3157894736842106,2.0,5.0,5,3,0.2631578947368421,0.15789473684210525,0.0,8.0,3.0,4.0,2.0,2.0,0.42105263157894735,0.15789473684210525,0.21052631578947367,0.10526315789473684,0.10526315789473684,4.0,4.0,7.0,2.0,2.0
Texas A&M University-Corpus Christi,2025,DI,Southland,Southland Conference,11,70.54545454545455,71.0,66.0,77.0,3.045115313535317,0,2.5454545454545454,3.0,4.0,0,1,0.0,0.09090909090909091,0.0,3.0,2.0,3.0,3.0,0.0,0.2727272727272727,0.18181818181818182,0.2727272727272727,0.2727272727272727,0.0,1.0,3.0,4.0,0.0,3.0
Texas Southern University,2025,DI,SWAC,Southwestern Athletic Conf.,5,69.2,68.0,65.0,74.0,3.420526275297414,0,1.8,2.0,3.0,0,0,0.0,0.0,0.0,2.0,2.0,1.0,0.0,0.0,0.4,0.4,0.2,0.0,0.0,0.0,1.0,1.0,0.0,3.0
The Ohio State University,2025,DI,B10,Big Ten Conference,16,71.625,72.0,64.0,76.0,3.242941051987634,0,3.0,3.0,5.0,0,1,0.0,0.0625,0.0,2.0,5.0,3.0,3.0,3.0,0.125,0.3125,0.1875,0.1875,0.1875,3.0,4.0,4.0,2.0,3.0
Towson University,2025,DI,CAA,Coastal Athletic Association,1,73.0,73.0,73.0,73.0,,0,1.0,1.0,1.0,0,1,0.0,1.0,0.0,1.0,0.0,0.0,0.0,0.0,1.0,0.0,0.0,0.0,0.0,0.0,1.0,0.0,0.0,0.0
Tulane University,2025,DI,American,American Conference,18,70.96443425937788,71.45390070921985,66.12328767123287,73.15611814345992,2.5446026737610805,0,2.7777777777777777,3.0,5.0,0,1,0.0,0.05555555555555555,0.0,4.0,4.0,4.0,4.0,2.0,0.2222222222222222,0.2222222222222222,0.2222222222222222,0.2222222222222222,0.1111111111111111,3.0,6.0,4.0,2.0,3.0
U.S. Naval Academy,2025,DI,PL,Patriot League,17,70.6470588235294,71.0,64.0,76.0,3.060661212683222,0,2.411764705882353,2.0,4.0,0,0,0.0,0.0,0.0,5.0,4.0,4.0,4.0,0.0,0.29411764705882354,0.23529411764705882,0.23529411764705882,0.23529411764705882,0.0,3.0,6.0,4.0,1.0,3.0
University of Arizona,2025,DI,B12,Big 12 Conference,11,73.72727272727273,74.0,70.0,77.0,2.1489955370316203,0,2.272727272727273,2.0,4.0,0,0,0.0,0.0,0.0,4.0,3.0,1.0,3.0,0.0,0.36363636363636365,0.2727272727272727,0.09090909090909091,0.2727272727272727,0.0,0.0,3.0,3.0,3.0,2.0
"University of Arkansas, Fayetteville",2025,DI,SEC,Southeastern Conference,17,70.88235294117646,72.0,66.0,76.0,3.218741076515328,0,2.588235294117647,3.0,4.0,0,1,0.0,0.058823529411764705,0.0,5.0,2.0,5.0,5.0,0.0,0.29411764705882354,0.11764705882352941,0.29411764705882354,0.29411764705882354,0.0,4.0,4.0,5.0,1.0,3.0
"University of Arkansas, Pine Bluff",2025,DI,SWAC,Southwestern Athletic Conf.,9,70.25730259309816,71.45390070921985,66.12328767123287,73.15611814345992,2.643588620455475,0,2.7777777777777777,3.0,4.0,0,1,0.0,0.1111111111111111,0.0,1.0,3.0,2.0,3.0,0.0,0.1111111111111111,0.3333333333333333,0.2222222222222222,0.3333333333333333,0.0,2.0,2.0,3.0,0.0,2.0
"University of California, Berkeley",2025,DI,ACC,Atlantic Coast Conference,12,74.0,73.5,72.0,76.0,1.3483997249264823,0,3.0,3.0,5.0,0,1,0.0,0.08333333333333333,0.0,2.0,2.0,3.0,4.0,1.0,0.16666666666666666,0.16666666666666666,0.25,0.3333333333333333,0.08333333333333333,0.0,4.0,4.0,3.0,1.0
"University of California, Davis",2025,DI,Big West,Big West Conference,14,70.92857142857143,72.0,65.0,74.0,2.7586029271879835,0,3.0714285714285716,3.0,4.0,0,1,0.0,0.07142857142857142,0.0,1.0,2.0,6.0,5.0,0.0,0.07142857142857142,0.14285714285714285,0.42857142857142855,0.35714285714285715,0.0,3.0,4.0,4.0,0.0,3.0
"University of California, Riverside",2025,DI,Big West,Big West Conference,15,70.8,71.0,64.0,75.0,3.255764119219941,0,2.7333333333333334,3.0,4.0,7,0,0.4666666666666667,0.0,0.0,2.0,4.0,5.0,4.0,0.0,0.13333333333333333,0.26666666666666666,0.3333333333333333,0.26666666666666666,0.0,2.0,4.0,4.0,3.0,2.0
"University of California, Santa Barbara",2025,DI,Big West,Big West Conference,20,71.3,72.0,65.0,77.0,2.992974229231202,0,,,,3,1,0.15,0.05,0.0,,,,,,,,,,,2.0,6.0,7.0,1.0,4.0
University of Central Arkansas,2025,DI,ASUN,Atlantic Sun Conference,14,70.78571428571429,72.5,63.0,76.0,4.209486930705477,0,2.7142857142857144,2.5,4.0,0,0,0.0,0.0,0.0,3.0,4.0,1.0,6.0,0.0,0.21428571428571427,0.2857142857142857,0.07142857142857142,0.42857142857142855,0.0,3.0,5.0,3.0,1.0,2.0
University of Connecticut,2025,DI,Big East,Big East Conference,17,71.14907715078407,71.45390070921985,66.12328767123287,73.15611814345992,2.2568626586380414,0,2.9411764705882355,3.0,5.0,0,3,0.0,0.17647058823529413,0.0,3.0,4.0,2.0,7.0,1.0,0.17647058823529413,0.23529411764705882,0.11764705882352941,0.4117647058823529,0.058823529411764705,2.0,5.0,5.0,2.0,3.0
University of Denver,2025,DI,Summit,The Summit League,11,72.54545454545455,73.0,70.0,75.0,1.4396969378057594,0,2.5454545454545454,2.0,5.0,0,2,0.0,0.18181818181818182,0.0,4.0,3.0,0.0,2.0,2.0,0.36363636363636365,0.2727272727272727,0.0,0.18181818181818182,0.18181818181818182,0.0,3.0,6.0,0.0,2.0
University of Evansville,2025,DI,MVC,Missouri Valley Conference,17,69.6470588235294,71.0,63.0,73.0,3.20041357621535,0,2.235294117647059,2.0,4.0,0,3,0.0,0.17647058823529413,0.0,6.0,3.0,6.0,2.0,0.0,0.35294117647058826,0.17647058823529413,0.35294117647058826,0.11764705882352941,0.0,3.0,4.0,6.0,1.0,3.0
University of Florida,2025,DI,SEC,Southeastern Conference,17,70.14576693235558,71.45390070921985,66.12328767123287,73.15611814345992,2.8722480108811825,0,2.4705882352941178,2.0,4.0,0,1,0.0,0.058823529411764705,0.0,3.0,7.0,3.0,4.0,0.0,0.17647058823529413,0.4117647058823529,0.17647058823529413,0.23529411764705882,0.0,5.0,4.0,5.0,1.0,2.0
University of Idaho,2025,DI,Big Sky,Big Sky Conference,11,71.0909090909091,72.0,68.0,73.0,1.868397465987656,0,2.272727272727273,3.0,4.0,0,4,0.0,0.36363636363636365,0.0,5.0,0.0,4.0,2.0,0.0,0.45454545454545453,0.0,0.36363636363636365,0.18181818181818182,0.0,0.0,5.0,3.0,0.0,3.0
University of Illinois Chicago,2025,DI,MVC,Missouri Valley Conference,18,70.38888888888889,70.5,65.0,76.0,3.397904005999423,0,2.7222222222222223,3.0,4.0,0,10,0.0,0.5555555555555556,0.0,4.0,3.0,5.0,6.0,0.0,0.2222222222222222,0.16666666666666666,0.2777777777777778,0.3333333333333333,0.0,4.0,4.0,8.0,0.0,2.0
University of Illinois Urbana-Champaign,2025,DI,B10,Big Ten Conference,17,71.58823529411765,72.0,63.0,77.0,4.047511944537839,0,2.411764705882353,3.0,5.0,0,2,0.0,0.11764705882352941,0.0,7.0,1.0,5.0,3.0,1.0,0.4117647058823529,0.058823529411764705,0.29411764705882354,0.17647058823529413,0.058823529411764705,4.0,4.0,3.0,2.0,4.0
University of Kansas,2025,DI,B12,Big 12 Conference,18,72.05555555555556,72.5,64.0,79.0,4.006938426723768,0,2.5,2.0,4.0,2,3,0.1111111111111111,0.16666666666666666,0.0,4.0,6.0,3.0,5.0,0.0,0.2222222222222222,0.3333333333333333,0.16666666666666666,0.2777777777777778,0.0,5.0,4.0,0.0,0.0,3.0
University of Louisiana Monroe,2025,DI,SBC,Sun Belt Conference,10,70.5,71.0,65.0,74.0,2.4608038433722332,0,2.6,3.0,4.0,0,2,0.0,0.2,0.0,3.0,0.0,5.0,2.0,0.0,0.3,0.0,0.5,0.2,0.0,1.0,3.0,3.0,1.0,2.0
University of Maryland Eastern Shore,2025,DI,MEAC,Mid-Eastern Athletic Conf.,10,69.2,69.0,64.0,76.0,3.3598941782277745,0,2.3,2.0,4.0,0,0,0.0,0.0,0.0,2.0,5.0,1.0,2.0,0.0,0.2,0.5,0.1,0.2,0.0,3.0,2.0,1.0,1.0,3.0
University of Montana,2025,DI,Big Sky,Big Sky Conference,18,70.5,70.0,65.0,76.0,2.8748401490088047,0,2.388888888888889,2.0,5.0,0,0,0.0,0.0,0.0,5.0,7.0,2.0,2.0,2.0,0.2777777777777778,0.3888888888888889,0.1111111111111111,0.1111111111111111,0.1111111111111111,3.0,4.0,9.0,0.0,2.0
University of Nebraska at Omaha,2025,DI,Summit,The Summit League,11,72.9090909090909,74.0,65.0,77.0,4.060900034587046,0,2.727272727272727,3.0,5.0,0,0,0.0,0.0,0.0,2.0,3.0,3.0,2.0,1.0,0.18181818181818182,0.2727272727272727,0.2727272727272727,0.18181818181818182,0.09090909090909091,1.0,2.0,4.0,1.0,3.0
"University of Nevada, Las Vegas",2025,DI,Mountain West,Mountain West Conference,16,70.9375,71.0,66.0,74.0,2.462214450449025,0,2.0625,1.5,5.0,0,3,0.0,0.1875,0.0,8.0,2.0,4.0,1.0,1.0,0.5,0.125,0.25,0.0625,0.0625,3.0,4.0,4.0,2.0,3.0
"University of Nevada, Reno",2025,DI,Mountain West,Mountain West Conference,10,71.7,72.0,68.0,74.0,1.8287822299126935,0,2.0,2.0,4.0,0,2,0.0,0.2,0.0,4.0,3.0,2.0,1.0,0.0,0.4,0.3,0.2,0.1,0.0,1.0,2.0,5.0,0.0,2.0
University of New Orleans,2025,DI,Southland,Southland Conference,8,69.875,69.5,67.0,74.0,2.0310096011589884,0,2.75,3.0,5.0,0,3,0.0,0.375,0.0,2.0,0.0,5.0,0.0,1.0,0.25,0.0,0.625,0.0,0.125,0.0,1.0,5.0,0.0,2.0
University of North Alabama,2025,DI,ASUN,Atlantic Sun Conference,11,71.45454545454545,72.0,67.0,74.0,2.5831622621754278,0,1.8181818181818181,2.0,3.0,0,0,0.0,0.0,0.0,4.0,5.0,2.0,0.0,0.0,0.36363636363636365,0.45454545454545453,0.18181818181818182,0.0,0.0,1.0,2.0,6.0,0.0,2.0
University of North Carolina Wilmington,2025,DI,CAA,Coastal Athletic Association,18,70.55555555555556,71.0,64.0,75.0,3.2033479218618663,0,2.888888888888889,3.0,5.0,6,3,0.3333333333333333,0.16666666666666666,0.0,4.0,4.0,2.0,6.0,2.0,0.2222222222222222,0.2222222222222222,0.1111111111111111,0.3333333333333333,0.1111111111111111,4.0,4.0,5.0,0.0,4.0
"University of North Carolina, Chapel Hill",2025,DI,ACC,Atlantic Coast Conference,17,71.08328226349678,71.45390070921985,66.12328767123287,73.15611814345992,2.228905318780408,0,2.7058823529411766,3.0,4.0,0,0,0.0,0.0,0.0,2.0,6.0,4.0,5.0,0.0,0.11764705882352941,0.35294117647058826,0.23529411764705882,0.29411764705882354,0.0,2.0,5.0,6.0,1.0,3.0
University of North Dakota,2025,DI,Summit,The Summit League,13,71.23076923076923,72.0,65.0,76.0,3.0592440829352534,0,2.0,2.0,4.0,0,3,0.0,0.23076923076923078,0.0,5.0,4.0,3.0,1.0,0.0,0.38461538461538464,0.3076923076923077,0.23076923076923078,0.07692307692307693,0.0,2.0,4.0,4.0,1.0,2.0
University of North Florida,2025,DI,ASUN,Atlantic Sun Conference,18,71.55555555555556,72.0,64.0,76.0,3.239866050648359,0,2.5,2.0,5.0,4,3,0.2222222222222222,0.16666666666666666,0.0,6.0,4.0,3.0,3.0,2.0,0.3333333333333333,0.2222222222222222,0.16666666666666666,0.16666666666666666,0.1111111111111111,3.0,4.0,6.0,2.0,3.0
University of Northern Iowa,2025,DI,MVC,Missouri Valley Conference,18,70.57372145536527,71.45390070921985,66.12328767123287,73.15611814345992,2.722028354549541,0,2.2222222222222223,2.0,4.0,0,0,0.0,0.0,0.0,6.0,5.0,4.0,3.0,0.0,0.3333333333333333,0.2777777777777778,0.2222222222222222,0.16666666666666666,0.0,4.0,5.0,4.0,2.0,3.0
University of Pennsylvania,2025,DI,IVY,The Ivy League,18,70.72222222222223,71.0,66.0,75.0,2.674620491068187,0,2.5555555555555554,2.5,4.0,0,0,0.0,0.0,0.0,4.0,5.0,4.0,5.0,0.0,0.2222222222222222,0.2777777777777778,0.2222222222222222,0.2777777777777778,0.0,4.0,4.0,5.0,2.0,3.0
University of Portland,2025,DI,WCC,West Coast Conference,17,69.23529411764706,69.0,64.0,75.0,3.5448803182319475,0,2.411764705882353,2.0,5.0,0,3,0.0,0.17647058823529413,0.0,6.0,4.0,2.0,4.0,1.0,0.35294117647058826,0.23529411764705882,0.11764705882352941,0.23529411764705882,0.058823529411764705,4.0,4.0,4.0,2.0,3.0
University of San Diego,2025,DI,WCC,West Coast Conference,11,72.27272727272727,73.0,65.0,75.0,2.9695423583747402,0,2.8181818181818183,3.0,5.0,0,0,0.0,0.0,0.0,2.0,3.0,2.0,3.0,1.0,0.18181818181818182,0.2727272727272727,0.18181818181818182,0.2727272727272727,0.09090909090909091,1.0,6.0,1.0,1.0,2.0
University of South Alabama,2025,DI,SBC,Sun Belt Conference,5,70.6,71.0,67.0,73.0,2.3021728866442674,0,2.8,3.0,5.0,0,0,0.0,0.0,0.0,2.0,0.0,1.0,1.0,1.0,0.4,0.0,0.2,0.2,0.2,0.0,2.0,0.0,0.0,3.0
University of South Dakota,2025,DI,Summit,The Summit League,1,73.0,73.0,73.0,73.0,,0,1.0,1.0,1.0,0,0,0.0,0.0,0.0,1.0,0.0,0.0,0.0,0.0,1.0,0.0,0.0,0.0,0.0,0.0,0.0,0.0,0.0,1.0
University of St. Thomas (Minnesota),2025,DI,Summit,The Summit League,21,70.9047619047619,71.0,66.0,76.0,2.7550818845319602,0,2.8095238095238093,3.0,4.0,3,0,0.14285714285714285,0.0,0.0,6.0,1.0,5.0,9.0,0.0,0.2857142857142857,0.047619047619047616,0.23809523809523808,0.42857142857142855,0.0,3.0,5.0,6.0,4.0,3.0
"University of Tennessee, Knoxville",2025,DI,SEC,Southeastern Conference,19,73.10526315789474,74.0,65.0,78.0,2.7667617823430164,0,,,,0,2,0.0,0.10526315789473684,0.0,,,,,,,,,,,3.0,5.0,7.0,1.0,3.0
University of Texas at Arlington,2025,DI,WAC,Western Athletic Conference,14,71.78571428571429,72.5,67.0,75.0,2.8332794651203277,0,2.857142857142857,3.0,5.0,0,2,0.0,0.14285714285714285,0.0,4.0,1.0,4.0,3.0,2.0,0.2857142857142857,0.07142857142857142,0.2857142857142857,0.21428571428571427,0.14285714285714285,3.0,2.0,7.0,0.0,2.0
University of Texas at El Paso,2025,DI,CUSA,Conference USA,3,71.15130023640661,71.45390070921985,68.0,74.0,3.0114241289811843,0,1.0,1.0,1.0,0,0,0.0,0.0,0.0,3.0,0.0,0.0,0.0,0.0,1.0,0.0,0.0,0.0,0.0,0.0,1.0,1.0,0.0,1.0
University of Utah,2025,DI,B12,Big 12 Conference,18,71.59991519039042,72.0,65.0,77.0,3.4857900169428455,0,2.4444444444444446,2.5,4.0,4,3,0.2222222222222222,0.16666666666666666,0.0,6.0,3.0,4.0,5.0,0.0,0.3333333333333333,0.16666666666666666,0.2222222222222222,0.2777777777777778,0.0,3.0,4.0,8.0,0.0,2.0
University of Wisconsin-Milwaukee,2025,DI,Horizon,Horizon League,17,70.17647058823529,70.0,64.0,76.0,3.5573040022896385,0,2.5294117647058822,2.0,5.0,4,1,0.23529411764705882,0.058823529411764705,0.0,5.0,4.0,3.0,4.0,1.0,0.29411764705882354,0.23529411764705882,0.17647058823529413,0.23529411764705882,0.058823529411764705,4.0,4.0,5.0,2.0,2.0
University of Wyoming,2025,DI,Mountain West,Mountain West Conference,5,71.0,72.0,67.0,73.0,2.549509756796394,0,1.0,1.0,1.0,0,0,0.0,0.0,0.0,5.0,0.0,0.0,0.0,0.0,1.0,0.0,0.0,0.0,0.0,1.0,1.0,2.0,0.0,1.0
University of the Incarnate Word,2025,DI,Southland,Southland Conference,11,71.27272727272727,71.0,68.0,75.0,2.2843339988236875,0,2.6363636363636362,2.0,4.0,0,0,0.0,0.0,0.0,1.0,5.0,2.0,3.0,0.0,0.09090909090909091,0.45454545454545453,0.18181818181818182,0.2727272727272727,0.0,0.0,4.0,3.0,1.0,3.0
University of the Pacific,2025,DI,WCC,West Coast Conference,14,70.21428571428571,73.0,62.0,75.0,4.774589332780701,0,2.142857142857143,1.0,5.0,0,2,0.0,0.14285714285714285,0.0,8.0,2.0,0.0,2.0,2.0,0.5714285714285714,0.14285714285714285,0.0,0.14285714285714285,0.14285714285714285,5.0,3.0,5.0,1.0,0.0
Utah State University,2025,DI,Mountain West,Mountain West Conference,10,72.3,73.0,68.0,74.0,2.057506581601461,0,2.1,2.0,4.0,0,1,0.0,0.1,0.0,2.0,6.0,1.0,1.0,0.0,0.2,0.6,0.1,0.1,0.0,0.0,4.0,4.0,0.0,2.0
Utah Tech University,2025,DI,WAC,Western Athletic Conference,14,70.64285714285714,71.0,66.0,75.0,2.7625835972632813,0,2.7857142857142856,3.0,4.0,0,0,0.0,0.0,0.0,2.0,3.0,5.0,4.0,0.0,0.14285714285714285,0.21428571428571427,0.35714285714285715,0.2857142857142857,0.0,2.0,3.0,3.0,3.0,3.0
Utah Valley University,2025,DI,WAC,Western Athletic Conference,17,71.70588235294117,73.0,66.0,76.0,2.800997721401096,0,2.7058823529411766,3.0,4.0,6,1,0.35294117647058826,0.058823529411764705,0.0,4.0,3.0,4.0,6.0,0.0,0.23529411764705882,0.17647058823529413,0.23529411764705882,0.35294117647058826,0.0,2.0,4.0,6.0,2.0,3.0
Valparaiso University,2025,DI,MVC,Missouri Valley Conference,15,70.13333333333334,70.0,66.0,78.0,3.1592645316516905,0,2.3333333333333335,2.0,4.0,0,0,0.0,0.0,0.0,2.0,9.0,1.0,3.0,0.0,0.13333333333333333,0.6,0.06666666666666667,0.2,0.0,4.0,2.0,3.0,3.0,3.0
Villanova University,2025,DI,Big East,Big East Conference,8,70.875,71.0,65.0,74.0,3.2265638511757815,0,2.375,2.0,5.0,0,0,0.0,0.0,0.0,2.0,3.0,2.0,0.0,1.0,0.25,0.375,0.25,0.0,0.125,0.0,3.0,2.0,0.0,3.0
Virginia Commonwealth University,2025,DI,A10,Atlantic 10 Conference,16,71.3125,71.5,64.0,76.0,3.321018919950121,0,,,,12,10,0.75,0.625,0.0,,,,,,,,,,,3.0,4.0,4.0,2.0,3.0
Western Carolina University,2025,DI,Southern,Southern Conference,15,70.53333333333333,71.0,64.0,75.0,3.3777986632604113,0,2.066666666666667,2.0,4.0,0,1,0.0,0.06666666666666667,0.0,6.0,4.0,3.0,2.0,0.0,0.4,0.26666666666666666,0.2,0.13333333333333333,0.0,4.0,5.0,4.0,0.0,2.0
Western Illinois University,2025,DI,Ohio Valley,Ohio Valley Conference,11,71.0,72.0,67.0,75.0,2.408318915758459,0,2.4545454545454546,2.0,5.0,0,0,0.0,0.0,0.0,4.0,2.0,3.0,0.0,2.0,0.36363636363636365,0.18181818181818182,0.2727272727272727,0.0,0.18181818181818182,0.0,2.0,5.0,1.0,3.0
Winthrop University,2025,DI,Big South,Big South Conference,11,70.63636363636364,71.0,66.0,76.0,2.975658826973525,0,2.6363636363636362,3.0,5.0,0,0,0.0,0.0,0.0,2.0,3.0,4.0,1.0,1.0,0.18181818181818182,0.2727272727272727,0.36363636363636365,0.09090909090909091,0.09090909090909091,3.0,3.0,3.0,0.0,2.0
